Label,Time1,Time2,Time3,Time4,Time5,Time6,TT,Swing12,Swing21,Swing13,Swing31,Swing14,Swing41,Swing15,Swing51,Swing16,Swing61,Swing23,Swing32,Swing24,Swing42,Swing25,Swing52,Swing26,Swing62,Swing34,Swing43,Swing35,Swing53,Swing36,Swing63,Swing45,Swing54,Swing46,Swing64,Swing56,Swing65
A,1939.2,1073.4,598.2,700.3,159.4,1458,8895,977.5,483.5,403.8,906.6,135.5,161.1,0,0,966.3,504.3,669.7,379,0,0,0,0,317.9,409.8,0,0,0,0,0,142.2,0,0,958.8,290.2,263.4,849
A,1894,1137.1,654.1,641.4,128.2,1432.6,8484.6,968.5,472.4,243.1000001,1356,186.7,186.4,0,0,877.8999999,463.9,981.4,260,0,0,0,0,353,236,0,0,0,0,0,136.8,0,0,1049.6,263.6,174.7,274.6
A,1845.5,1121.1,591.5,675.4000001,123.9,1076,8191,972.8,404.3,273.6,694.9,152.7,185.9,0,0,818,697.1,675.1,322.2,0,0,0,0,479.4,233,0,0,0,0,0,187.9,0,0,1248.4,294.1,174.6,281.2
E,1609.6,1016.1,681,632.5000001,139.9999999,1803.4,19574.2,1343.7,756.8000001,578.8,1087,477.3,0,0,0,1785.2,1988.5,1613.2,567.9,0,0,0,0,757.4,2241.8,0,0,0,0,0,142.4,0,0,4230.5,758.9,244.5,880.9
E,1435.4,1124.4,528.7,387.7,114.0000001,1491.7,15074.8,1221,754.8,520.6,860.3,842.7,383.8,0,0,1304.8,869.9000001,1391.9,534.6,0,0,0,0,988.5,1203.8,0,0,0,0,0,233.3,0,0,2782,482.9000001,176.3,523.6
E,1456.2,984.9,554.9,534.7,116.8,1240.3,19035.7,1434.6,686.6,610.1,860.6,994.8,456.4,0,0,1482,879.5000001,2181.8,962.6,0,0,0,0,440.3,1197.6,0,0,0,0,0,157.8,0,0,4021.9,618.6,198.1,1745.3